{
	"alpha_ms": 10000,
	"beta": 55,
	"delta_ms": 594922,
	"epsilon_J": 52116.028934121576,
	"lambda_days": 499.73914335936405
}
